br7f08r1@flymail.tk;Связи с общественностью (PR) - это практика управления и распространения информации от отдельного лица или организации (например, бизнеса, государственного учреждения или некоммерческой организации) среди общественности с целью воздействия на их общественное восприятие.
f0164cbj@freeml.net;"Происхождение и смысл термина
Аббревиатура PR (в русскоязычной среде также используют адаптированный вариант – “пиар”) расшифровывается как public relations. С английского этот термин переводится как “связи с общественностью”.

Цель PR заключается в управлении взаимоотношениями между компанией (или персоной) и заинтересованными сторонами (клиентами, конкурентами, партнерами, инвесторами, общественностью) для создания положительного имиджа, поддержания авторитета организации, бренда или продукта, формирования его позитивного восприятия.

Влияние на аудиторию пиарщики оказывают через мероприятия, традиционные СМИ и цифровые платформы.

На каком бы этапе развития ни находился ваш бизнес, обязательно включите PR в вашу маркетинговую стратегию.

"
